averageTradedPrice,highPrice,indexId,lastTradedPrice,lastTradedVolume,lastUpdatedDateTime,lowPrice,openPrice,percentageChange,previousClose,securityId,securityName,symbol,totalTradeQuantity,totalTradeValue,fetched_at,date,source_endpoint
540.4,548.0,58,527.0,830,2025-08-28 14:59:59.946812,527.0,547.0,-3.58,546.57,459,Kamana Sewa Bikas Bank Limited,KSBBL,209893,113425194.9,2025-08-30 12:59:55.553058,2025-08-30,LiveMarket
497.14,513.0,58,499.0,10,2025-08-28 14:59:59.854543,490.0,513.0,-0.9,503.54,227,Best Finance Company Ltd.,BFC,19508,9698274.4,2025-08-30 12:59:55.553058,2025-08-30,LiveMarket
534.78,549.0,58,537.0,10,2025-08-28 14:59:59.839992,526.8,535.0,0.41,534.8,9183,Nepal Republic Media Limited,NRM,137302,73426119.1,2025-08-30 12:59:55.553058,2025-08-30,LiveMarket
994.13,1037.9,58,985.0,20,2025-08-28 14:59:59.678593,938.9,938.9,2.82,957.98,2761,Samata Gharelu Laghubitta Bittiya Sanstha Limited,SMATA,51740,51436263.1,2025-08-30 12:59:55.553058,2025-08-30,LiveMarket
290.32,296.0,58,287.5,170,2025-08-28 14:59:59.676779,287.0,291.0,-2.35,294.41,2742,Hydorelectricity Investment and Development Company Ltd,HIDCL,151856,44086393.3,2025-08-30 12:59:55.553058,2025-08-30,LiveMarket
199.31,202.0,58,198.3,50,2025-08-28 14:59:59.669713,198.0,201.0,-0.5,199.29,8055,Balephi Hydropower Limited,BHL,141798,28261387.4,2025-08-30 12:59:55.553058,2025-08-30,LiveMarket
201.54,205.4,58,201.0,430,2025-08-28 14:59:59.661815,200.0,204.0,-1.44,203.93,142,Kumari Bank Limited,KBL,388024,78202786.7,2025-08-30 12:59:55.553058,2025-08-30,LiveMarket
500.54,509.0,58,493.9,50,2025-08-28 14:59:59.658425,493.0,502.0,-1.45,501.18,2767,Himalayan Power Partner Ltd.,HPPL,36715,18377324.0,2025-08-30 12:59:55.553058,2025-08-30,LiveMarket
404.61,417.0,58,399.0,10,2025-08-28 14:59:59.623118,395.6,414.0,-3.24,412.34,2786,Panchakanya Mai Hydropower Ltd,PMHPL,85264,34498245.6,2025-08-30 12:59:55.553058,2025-08-30,LiveMarket
567.4,575.0,58,561.5,500,2025-08-28 14:59:59.619698,560.0,571.0,-1.69,571.15,147,Soaltee Hotel Limited,SHL,87475,49633184.1,2025-08-30 12:59:55.553058,2025-08-30,LiveMarket
400.74,410.0,58,391.2,84,2025-08-28 14:59:59.541429,391.1,405.0,-3.09,403.69,2831,Union Hydropower Limited,UNHPL,244805,98103363.7,2025-08-30 12:59:55.553058,2025-08-30,LiveMarket
773.25,787.9,58,760.1,39,2025-08-28 14:59:59.523982,760.0,778.5,-1.99,775.56,2776,Radhi Bidyut Company Ltd,RADHI,165617,128063153.5,2025-08-30 12:59:55.553058,2025-08-30,LiveMarket
272.08,275.7,58,268.5,100,2025-08-28 14:59:59.52038,268.0,274.0,-0.05,268.64,2757,Arun Kabeli Power Ltd.,AKPL,540030,146930020.3,2025-08-30 12:59:55.553058,2025-08-30,LiveMarket
788.7,797.0,58,784.5,10,2025-08-28 14:59:59.450248,777.9,777.9,-1.08,793.03,187,Nepal Life Insurance Co. Ltd.,NLIC,31371,24742285.2,2025-08-30 12:59:55.553058,2025-08-30,LiveMarket
911.39,920.5,58,914.0,10,2025-08-28 14:59:59.43959,902.1,920.0,-1.24,925.5,9146,Super Madi Hydropower Limited,SMHL,15612,14228583.8,2025-08-30 12:59:55.553058,2025-08-30,LiveMarket
526.33,535.0,58,522.0,90,2025-08-28 14:59:59.395269,515.5,528.0,-1.99,532.61,8102,Mandakini Hydropower Limited,MHL,50549,26605391.7,2025-08-30 12:59:55.553058,2025-08-30,LiveMarket
1008.14,1025.0,58,1024.0,66,2025-08-28 14:59:59.389397,992.0,1000.0,1.79,1006.03,2807,Asha Laghubitta Bittiya Sanstha Ltd,ALBSL,42597,42943764.4,2025-08-30 12:59:55.553058,2025-08-30,LiveMarket
645.84,657.0,58,650.0,70,2025-08-28 14:59:59.385117,632.1,656.9,0.52,646.66,274,Excel Development Bank Ltd.,EDBL,35089,22662006.6,2025-08-30 12:59:55.553058,2025-08-30,LiveMarket
1263.06,1280.0,58,1264.9,47,2025-08-28 14:59:59.376376,1255.6,1275.0,-0.03,1265.23,9213,Hathway Investment Nepal Limited,HATHY,55660,70301860.8,2025-08-30 12:59:55.553058,2025-08-30,LiveMarket
474.54,482.0,58,475.0,100,2025-08-28 14:59:59.368048,472.1,472.1,0.49,472.7,8104,Upper Solu Hydro Electric Company Limited,USHEC,25885,12283504.7,2025-08-30 12:59:55.553058,2025-08-30,LiveMarket
943.92,969.0,58,947.0,90,2025-08-28 14:59:59.358505,916.7,935.4,-0.78,954.41,2896,Sampada Laghubitta Bittiya Sanstha Limited,SMPDA,11148,10522875.6,2025-08-30 12:59:55.553058,2025-08-30,LiveMarket
312.82,321.0,58,308.0,500,2025-08-28 14:59:59.353646,307.0,320.0,-2.91,317.24,2934,Singati Hydro Energy Limited,SHEL,421934,131989029.8,2025-08-30 12:59:55.553058,2025-08-30,LiveMarket
477.56,488.4,58,472.9,20,2025-08-28 14:59:59.330049,472.0,488.4,-1.26,478.95,9201,Sun Nepal Life Insurance Company Limited,SNLI,27487,13126794.6,2025-08-30 12:59:55.553058,2025-08-30,LiveMarket
606.72,621.0,58,602.0,290,2025-08-28 14:59:59.311707,600.0,602.1,-1.31,609.99,9173,City Hotel Limited,CITY,18590,11278906.4,2025-08-30 12:59:55.553058,2025-08-30,LiveMarket
629.73,645.0,58,626.0,10,2025-08-28 14:59:59.279093,625.0,635.0,-1.39,634.8,2809,SHIVAM CEMENTS LTD,SHIVM,356079,224232198.4,2025-08-30 12:59:55.553058,2025-08-30,LiveMarket
570.09,584.9,58,569.0,66,2025-08-28 14:59:59.270325,558.0,581.47,-2.14,581.47,8045,Green Ventures Limited,GVL,141033,80401570.9,2025-08-30 12:59:55.553058,2025-08-30,LiveMarket
779.21,796.0,58,787.0,10,2025-08-28 14:59:59.25151,771.0,796.0,0.39,783.98,184,Prabhu Insurance Ltd.,PRIN,30377,23670153.3,2025-08-30 12:59:55.553058,2025-08-30,LiveMarket
1071.83,1084.0,58,1070.0,10,2025-08-28 14:59:59.191669,1065.1,1070.4,-0.76,1078.21,164,Chhimek Laghubitta Bittiya Sanstha Limited,CBBL,47731,51159356.8,2025-08-30 12:59:55.553058,2025-08-30,LiveMarket
9.04,9.28,58,9.02,581,2025-08-28 14:59:59.125887,9.0,9.28,-0.88,9.1,9178,RBB Mutual Fund 2,RMF2,96821,875142.82,2025-08-30 12:59:55.553058,2025-08-30,LiveMarket
678.89,689.7,58,678.0,11,2025-08-28 14:59:59.121005,670.1,676.2,-0.92,684.31,9232,Chirkhwa Hydropower Limited ,CKHL,3875,2630712.4,2025-08-30 12:59:55.553058,2025-08-30,LiveMarket
643.13,677.0,58,642.6,10,2025-08-28 14:59:59.117967,626.5,626.5,0.52,639.26,9150,Asian Hydropower Limited,AHL,9444,6073765.0,2025-08-30 12:59:55.553058,2025-08-30,LiveMarket
900.15,912.0,58,885.1,75,2025-08-28 14:59:59.115278,883.0,900.0,-1.43,897.97,490,First Micro Finance Laghubitta Bittiya Sanstha Limited,FMDBL,90750,81688671.3,2025-08-30 12:59:55.553058,2025-08-30,LiveMarket
1736.59,1784.0,58,1726.0,1,2025-08-28 14:59:59.084989,1726.0,1752.0,-3.1,1781.17,8065,CYC Nepal Laghubitta Bittiya Sanstha Limited,CYCL,5543,9625944.5,2025-08-30 12:59:55.553058,2025-08-30,LiveMarket
206.84,211.0,58,204.2,20,2025-08-28 14:59:59.082382,204.2,210.0,-2.41,209.25,8111,Hydorelectricity Investment and Development Company Limited Promoter,HIDCLP,273029,56473484.6,2025-08-30 12:59:55.553058,2025-08-30,LiveMarket
854.82,871.0,58,848.0,100,2025-08-28 14:59:59.075976,845.1,854.0,0.02,847.84,2860,Saptakoshi Development Bank Ltd,SAPDBL,42564,36384601.2,2025-08-30 12:59:55.553058,2025-08-30,LiveMarket
1428.1,1460.6,58,1404.2,30,2025-08-28 14:59:58.94067,1400.0,1422.0,-3.22,1450.85,9250,Nepal Micro Insurance Company Limited,NMIC,13440,19193678.0,2025-08-30 12:59:55.553058,2025-08-30,LiveMarket
208.95,213.0,58,209.0,10,2025-08-28 14:59:58.935043,207.5,213.0,-1.07,211.27,134,Himalayan Bank Limited,HBL,80057,16728255.17,2025-08-30 12:59:55.553058,2025-08-30,LiveMarket
261.34,271.9,58,261.0,340,2025-08-28 14:59:58.918514,255.0,267.0,-3.98,271.81,2811,Mountain Hydro Nepal Limited,MHNL,72466,18938615.8,2025-08-30 12:59:55.553058,2025-08-30,LiveMarket
408.53,417.8,58,402.9,119,2025-08-28 14:59:58.907918,402.0,413.2,-2.11,411.6,2743,Ngadi Group Power Ltd.,NGPL,373453,152567004.0,2025-08-30 12:59:55.553058,2025-08-30,LiveMarket
238.87,243.1,58,236.5,10,2025-08-28 14:59:58.753657,235.0,240.4,-1.54,240.21,2806,Ghalemdi Hydro Limited,GHL,131501,31411008.0,2025-08-30 12:59:55.553058,2025-08-30,LiveMarket
561.53,580.0,58,551.0,10,2025-08-28 14:59:58.670161,550.0,572.0,-4.52,577.1,358,Lumbini Bikas Bank Ltd.,LBBL,309487,173785033.7,2025-08-30 12:59:55.553058,2025-08-30,LiveMarket
243.17,252.2,58,237.0,180,2025-08-28 14:59:58.666511,237.0,238.0,-2.2,242.34,2903,Liberty Energy Company Limited,LEC,334435,81324447.3,2025-08-30 12:59:55.553058,2025-08-30,LiveMarket
574.14,582.0,58,580.0,491,2025-08-28 14:59:58.662163,569.8,582.0,-0.18,581.06,2760,United Modi Hydropower Ltd.,UMHL,339552,194948992.2,2025-08-30 12:59:55.553058,2025-08-30,LiveMarket
5274.46,5375.0,58,5349.0,14,2025-08-28 14:59:58.659674,5218.0,5349.0,0.85,5304.0,155,Salt Trading Corporation,STC,1055,5564560.3,2025-08-30 12:59:55.553058,2025-08-30,LiveMarket
404.96,415.9,58,402.0,30,2025-08-28 14:59:58.645462,400.0,415.9,-2.08,410.56,236,Pokhara Finance Ltd.,PFL,12571,5090788.3,2025-08-30 12:59:55.553058,2025-08-30,LiveMarket
736.94,746.7,58,732.2,100,2025-08-28 14:59:58.643251,732.2,734.0,-1.43,742.85,706,Suryodaya Womi Laghubitta Bittiya Sanstha Limited,SWMF,4668,3440028.9,2025-08-30 12:59:55.553058,2025-08-30,LiveMarket
1061.75,1104.0,58,1052.0,189,2025-08-28 14:59:58.620097,1042.4,1055.0,-1.0,1062.66,2917,Chandragiri Hills Limited,CGH,178031,189023634.0,2025-08-30 12:59:55.553058,2025-08-30,LiveMarket
375.78,380.0,58,376.9,10,2025-08-28 14:59:58.606972,369.4,378.0,1.46,371.47,145,Siddhartha Bank Limited,SBL,141489,53169057.7,2025-08-30 12:59:55.553058,2025-08-30,LiveMarket
475.33,484.0,58,473.0,10,2025-08-28 14:59:58.527155,470.1,484.0,-0.58,475.77,9218,Trishuli Jal Vidhyut Company Limited ,TVCL,6792,3228469.1,2025-08-30 12:59:55.553058,2025-08-30,LiveMarket
693.84,710.0,58,710.0,10,2025-08-28 14:59:58.429552,670.2,685.1,4.31,680.66,185,Sagarmatha Lumbini Insurance Co. Limited,SALICO,22950,15923633.1,2025-08-30 12:59:55.553058,2025-08-30,LiveMarket
375.97,383.5,58,373.0,1000,2025-08-28 14:59:58.340723,372.0,376.1,-1.48,378.61,8076,Himalayan Hydropower Limited,HHL,35563,13370498.6,2025-08-30 12:59:55.553058,2025-08-30,LiveMarket
301.43,306.0,58,300.0,52,2025-08-28 14:59:58.332027,297.9,300.4,-1.28,303.9,8108,Rapti Hydro And General Construction Limited,RHGCL,33645,10141671.7,2025-08-30 12:59:55.553058,2025-08-30,LiveMarket
567.6,579.0,58,569.8,50,2025-08-28 14:59:58.326671,562.1,571.1,-1.19,576.64,2908,Sanima GIC Insurance Limited,SGIC,23115,13120053.5,2025-08-30 12:59:55.553058,2025-08-30,LiveMarket
739.8,750.0,58,737.9,25,2025-08-28 14:59:58.309196,733.2,745.4,-1.01,745.4,2935,Ru Ru Jalbidhyut Pariyojana Limited,RURU,11034,8162934.8,2025-08-30 12:59:55.553058,2025-08-30,LiveMarket
1346.55,1397.0,58,1325.0,100,2025-08-28 14:59:58.289265,1323.0,1350.1,-3.34,1370.79,9256,Om Megashree Pharmaceuticals Limited,OMPL,13313,17926586.6,2025-08-30 12:59:55.553058,2025-08-30,LiveMarket
436.73,443.0,58,430.0,100,2025-08-28 14:59:58.258466,430.0,443.0,-2.61,441.54,473,Shine Resunga Development Bank Ltd.,SHINE,61803,26991195.7,2025-08-30 12:59:55.553058,2025-08-30,LiveMarket
1001.21,1014.0,58,1004.9,30,2025-08-28 14:59:58.24534,990.0,1010.0,-0.54,1010.31,693,Himalayan Laghubitta Bittiya Sanstha Limited,HLBSL,4160,4165046.3,2025-08-30 12:59:55.553058,2025-08-30,LiveMarket
308.06,311.0,58,306.9,60,2025-08-28 14:59:58.242565,305.2,310.0,-0.37,308.04,2789,Joshi Hydropower Development Company Ltd,JOSHI,15531,4784441.6,2025-08-30 12:59:55.553058,2025-08-30,LiveMarket
197.68,200.0,58,196.9,10,2025-08-28 14:59:58.217145,196.0,199.2,-0.83,198.55,2880,Himal Dolakha Hydropower Company Limited,HDHPC,122214,24159434.7,2025-08-30 12:59:55.553058,2025-08-30,LiveMarket
877.6,896.0,58,870.0,10,2025-08-28 14:59:58.212813,868.0,879.0,-2.16,889.2,9262,Trade Tower Limited,TTL,30314,26603472.0,2025-08-30 12:59:55.553058,2025-08-30,LiveMarket
406.79,420.0,58,400.0,20,2025-08-28 14:59:58.209177,398.0,404.2,-3.0,412.37,2759,Synergy Power Development Ltd.,SPDL,133784,54421407.9,2025-08-30 12:59:55.553058,2025-08-30,LiveMarket
357.81,363.0,58,361.0,858,2025-08-28 14:59:58.136893,350.0,350.0,3.42,349.06,8122,People's Power Limited,PPL,17334,6202199.2,2025-08-30 12:59:55.553058,2025-08-30,LiveMarket
525.59,530.5,58,523.0,10,2025-08-28 14:59:58.136366,521.5,524.1,-1.71,532.11,9175,Menchhiyam Hydropower Limited,MCHL,3960,2081336.5,2025-08-30 12:59:55.553058,2025-08-30,LiveMarket
352.19,355.0,58,351.0,800,2025-08-28 14:59:58.110074,350.0,352.0,-0.13,351.44,139,NIC Asia Bank Ltd.,NICA,63594,22397074.1,2025-08-30 12:59:55.553058,2025-08-30,LiveMarket
605.01,621.0,58,601.5,500,2025-08-28 14:59:58.095779,600.9,621.0,-1.41,610.12,2914,United IDI Mardi RB Hydropower Limited.,UMRH,28236,17083111.0,2025-08-30 12:59:55.553058,2025-08-30,LiveMarket
458.1,463.0,58,453.9,200,2025-08-28 14:59:58.065109,452.3,458.0,-1.04,458.65,9184,IME Life Insurance Company Limited,ILI,27705,12691752.5,2025-08-30 12:59:55.553058,2025-08-30,LiveMarket
409.66,416.0,58,407.0,230,2025-08-28 14:59:57.643918,405.5,416.0,-1.96,415.15,393,Himalayan Life Insurance Limited,HLI,70849,29023765.9,2025-08-30 12:59:55.553058,2025-08-30,LiveMarket
855.86,872.0,58,859.0,10,2025-08-28 14:59:57.389652,850.0,865.0,0.25,856.82,1741,Mero Microfinance Bittiya Sanstha Ltd.,MERO,25196,21564333.0,2025-08-30 12:59:55.553058,2025-08-30,LiveMarket
702.64,720.0,58,696.0,10,2025-08-28 14:59:57.23894,695.1,710.0,-2.11,711.02,9263,Sanvi Energy Limited,SANVI,27352,19218534.2,2025-08-30 12:59:55.553058,2025-08-30,LiveMarket
1436.54,1459.0,58,1419.0,10,2025-08-28 14:59:57.0767,1416.1,1440.0,-1.46,1440.03,235,Himalayan Distillery Limited,HDL,243935,350421793.4,2025-08-30 12:59:55.553058,2025-08-30,LiveMarket
301.4,311.4,58,300.0,100,2025-08-28 14:59:56.880291,298.1,311.4,-1.76,305.38,2842,SANJEN JALAVIDHYUT COMPANY LIMITED,SJCL,15405,4643119.5,2025-08-30 12:59:55.553058,2025-08-30,LiveMarket
1049.8,1074.8,58,1030.1,100,2025-08-28 14:59:56.850169,1030.0,1056.0,-2.37,1055.08,9234,Himalayan Reinsurance Limited,HRL,578159,606949761.0,2025-08-30 12:59:55.553058,2025-08-30,LiveMarket
449.82,460.0,58,443.0,52,2025-08-28 14:59:56.760101,443.0,456.0,-3.0,456.72,9203,Manakamana Engineering Hydropower Limited,MEHL,12570,5654199.6,2025-08-30 12:59:55.553058,2025-08-30,LiveMarket
794.35,802.7,58,788.0,60,2025-08-28 14:59:56.749619,787.0,787.0,-1.87,803.03,163,Nirdhan Utthan Laghubitta Bittiya Sanstha Limited,NUBL,18404,14619224.8,2025-08-30 12:59:55.553058,2025-08-30,LiveMarket
582.83,595.0,58,586.0,500,2025-08-28 14:59:56.628431,569.0,580.0,3.05,568.65,8005,Mailung Khola Jal Vidhyut Company Limited,MKJC,197464,115087143.4,2025-08-30 12:59:55.553058,2025-08-30,LiveMarket
210.85,214.0,58,211.2,61,2025-08-28 14:59:56.62725,209.3,214.0,-0.93,213.18,132,Nepal Investment Mega Bank Limited,NIMB,152964,32252566.9,2025-08-30 12:59:55.553058,2025-08-30,LiveMarket
582.32,594.0,58,575.0,10,2025-08-28 14:59:56.621141,574.9,591.3,-2.08,587.2,2787,Kalika power Company Ltd,KPCL,81542,47483533.2,2025-08-30 12:59:55.553058,2025-08-30,LiveMarket
1501.78,1530.0,58,1509.0,10,2025-08-28 14:59:56.606767,1472.1,1520.0,-0.97,1523.75,2804,Samudayik Laghubitta Bittiya Sanstha Limited,SLBSL,9974,14978757.4,2025-08-30 12:59:55.553058,2025-08-30,LiveMarket
11.45,11.62,58,11.46,1000,2025-08-28 14:59:56.435347,11.26,11.62,0.35,11.42,2867,NMB 50,NMB50,560527,6419106.5,2025-08-30 12:59:55.553058,2025-08-30,LiveMarket
1505.8,1549.0,58,1474.0,50,2025-08-28 14:59:56.376771,1465.0,1525.0,-4.19,1538.46,2768,Mahuli Laghubitta Bittiya Sanstha Limited,MSLB,8157,12282847.8,2025-08-30 12:59:55.553058,2025-08-30,LiveMarket
571.16,584.7,58,564.0,35,2025-08-28 14:59:56.376367,563.1,564.2,-2.02,575.64,8075,Bindhyabasini Hydropower Development Company Limited,BHDC,84272,48133041.8,2025-08-30 12:59:55.553058,2025-08-30,LiveMarket
748.28,755.0,58,747.0,58,2025-08-28 14:59:56.337934,745.0,745.0,-0.61,751.56,137,Everest Bank Limited,EBL,80293,60081358.7,2025-08-30 12:59:55.553058,2025-08-30,LiveMarket
479.55,490.6,58,474.0,387,2025-08-28 14:59:56.064691,471.1,490.6,-1.46,481.0,9209,Citizen Life Insurance Company Limited,CLI,20473,9817811.0,2025-08-30 12:59:55.553058,2025-08-30,LiveMarket
493.79,507.0,58,496.5,10,2025-08-28 14:59:55.776429,490.0,493.0,-1.15,502.28,385,Asian Life Insurance Co. Limited,ALICL,19572,9664370.7,2025-08-30 12:59:55.553058,2025-08-30,LiveMarket
513.25,521.9,58,509.8,20,2025-08-28 14:59:55.648418,509.6,520.0,-2.68,523.84,244,Shree Investment Finance Co. Ltd.,SIFC,16764,8604139.8,2025-08-30 12:59:55.553058,2025-08-30,LiveMarket
1703.47,1743.0,58,1689.0,100,2025-08-28 14:59:55.503006,1671.0,1735.0,-2.48,1731.89,2881,Nepal Reinsurance Company Limited,NRIC,384160,654403822.1,2025-08-30 12:59:55.553058,2025-08-30,LiveMarket
440.5,453.0,58,432.0,200,2025-08-28 14:59:55.385336,430.0,445.0,-3.73,448.75,472,Shangrila Development Bank Ltd.,SADBL,120640,53141804.8,2025-08-30 12:59:55.553058,2025-08-30,LiveMarket
451.03,472.0,58,448.0,411,2025-08-28 14:59:55.324178,444.0,444.0,-0.46,450.08,9158,Molung Hydropower Company Limited,MHCL,6112,2756723.9,2025-08-30 12:59:55.553058,2025-08-30,LiveMarket
2150.77,2185.0,58,2134.1,10,2025-08-28 14:59:55.28268,2132.0,2175.0,-1.87,2174.73,2898,NRN Infrastructure and Development Limited,NRN,42484,91373406.9,2025-08-30 12:59:55.553058,2025-08-30,LiveMarket
295.31,299.9,58,291.1,180,2025-08-28 14:59:55.130966,291.0,297.0,-2.47,298.47,360,Arun Valley Hydropower Development Co. Ltd.,AHPC,172491,50937768.6,2025-08-30 12:59:55.553058,2025-08-30,LiveMarket
1248.82,1291.0,58,1242.5,100,2025-08-28 14:59:55.088837,1242.0,1242.0,-1.88,1266.3,2832,Infinity Laghubitta Bittiya Sanstha Limited,ILBS,19521,24378130.0,2025-08-30 12:59:55.553058,2025-08-30,LiveMarket
1446.78,1579.0,58,1430.0,10,2025-08-28 14:59:54.864772,1427.0,1440.0,-2.12,1460.98,8123,Dhaulagiri Laghubitta Bittiya Sanstha Limited,DLBS,1889,2732971.1,2025-08-30 12:59:55.553058,2025-08-30,LiveMarket
1929.15,1940.0,58,1927.0,30,2025-08-28 14:59:54.589262,1925.0,1932.0,-0.71,1940.81,210,Citizen Investment Trust,CIT,10344,19955098.9,2025-08-30 12:59:55.553058,2025-08-30,LiveMarket
518.27,526.0,58,517.1,100,2025-08-28 14:59:54.567671,511.8,511.8,-0.98,522.2,8032,Buddha Bhumi Nepal Hydropower Company Limited,BNHC,14074,7294096.4,2025-08-30 12:59:55.553058,2025-08-30,LiveMarket
846.51,868.0,58,834.0,422,2025-08-28 14:59:54.504051,830.0,835.1,-2.13,852.13,153,Butwal Power Company Limited,BPCL,166350,140817308.0,2025-08-30 12:59:55.553058,2025-08-30,LiveMarket
568.85,568.9,58,568.9,10,2025-08-28 14:59:54.421709,527.5,527.5,10.0,517.2,9267,Bikash Hydropower Company Limited,BHCL,34970,19892587.0,2025-08-30 12:59:55.553058,2025-08-30,LiveMarket
900.28,913.0,58,893.0,54,2025-08-28 14:59:54.388886,890.1,913.0,-2.22,913.26,166,Deprosc Laghubitta Bittiya Sanstha Limited,DDBL,29669,26710476.7,2025-08-30 12:59:55.553058,2025-08-30,LiveMarket
595.14,616.0,58,600.0,70,2025-08-28 14:59:54.380936,588.0,600.1,0.37,597.8,471,Multipurpose Finance Company  Limited,MPFL,11131,6624508.9,2025-08-30 12:59:55.553058,2025-08-30,LiveMarket
337.42,346.8,58,336.0,10,2025-08-28 14:59:54.27911,333.2,340.0,-2.63,345.09,2813,Panchthar Power Compant Limited,PPCL,14823,5001633.6,2025-08-30 12:59:55.553058,2025-08-30,LiveMarket
283.64,290.0,58,279.8,1269,2025-08-28 14:59:54.170166,279.3,282.3,-2.85,288.0,2919,Nepal Infrastructure Bank Limited,NIFRA,246183,69827840.7,2025-08-30 12:59:55.553058,2025-08-30,LiveMarket
924.36,937.0,58,915.0,100,2025-08-28 14:59:54.150384,915.0,930.0,-1.31,927.15,9242,Sarbottam Cement Limited,SARBTM,44762,41376168.6,2025-08-30 12:59:55.553058,2025-08-30,LiveMarket
213.7,217.0,58,212.2,250,2025-08-28 14:59:54.147843,212.0,213.7,-0.73,213.77,255,Prabhu  Bank Limited,PRVU,118331,25287318.3,2025-08-30 12:59:55.553058,2025-08-30,LiveMarket
342.52,352.9,58,337.5,100,2025-08-28 14:59:54.13788,336.0,345.0,-2.93,347.68,418,Jyoti Bikas Bank Limited,JBBL,70948,24300853.6,2025-08-30 12:59:55.553058,2025-08-30,LiveMarket
872.2,879.9,58,868.2,39,2025-08-28 14:59:53.722047,868.0,879.9,-0.64,873.81,188,Life Insurance Corporation (Nepal) Limited,LICN,7791,6795294.1,2025-08-30 12:59:55.553058,2025-08-30,LiveMarket
1954.11,1999.0,58,1957.0,11,2025-08-28 14:59:53.440279,1930.5,1951.57,0.28,1951.57,450,Corporate Development Bank Limited,CORBL,3180,6214072.0,2025-08-30 12:59:55.553058,2025-08-30,LiveMarket
571.95,587.8,58,563.5,13,2025-08-28 14:59:53.39015,560.0,587.8,-2.22,576.3,591,Sanima Mai Hydropower Ltd.,SHPC,149728,85637115.7,2025-08-30 12:59:55.553058,2025-08-30,LiveMarket
1077.01,1094.0,58,1094.0,10,2025-08-28 14:59:53.347639,1072.0,1075.0,0.02,1093.78,2790,Aarambha Chautari Laghubitta Bittiya Sanstha Limited,ACLBSL,1785,1922459.1,2025-08-30 12:59:55.553058,2025-08-30,LiveMarket
287.41,291.0,58,285.6,200,2025-08-28 14:59:53.208389,285.0,288.3,-2.91,294.15,2766,Chhyangdi Hydropower Ltd.,CHL,41002,11784434.4,2025-08-30 12:59:55.553058,2025-08-30,LiveMarket
239.92,244.0,58,239.0,50,2025-08-28 14:59:53.168355,237.0,243.0,-0.97,241.35,2824,Himalaya Urja Bikas Company Limited,HURJA,61625,14784968.1,2025-08-30 12:59:55.553058,2025-08-30,LiveMarket
762.79,776.0,58,776.0,10,2025-08-28 14:59:53.117067,751.0,760.0,0.14,774.92,9181,Rawa Energy Development Limited,RAWA,1094,834493.4,2025-08-30 12:59:55.553058,2025-08-30,LiveMarket
1061.52,1072.0,58,1056.0,10,2025-08-28 14:59:52.328974,1055.0,1065.0,-1.24,1069.3,8034,Emerging Nepal Limited,ENL,1489,1580610.7,2025-08-30 12:59:55.553058,2025-08-30,LiveMarket
1488.11,1501.21,58,1493.0,3,2025-08-28 14:59:52.29126,1480.0,1501.21,-0.55,1501.21,4951,Jeevan Bikas Laghubitta  Bittya Sanstha Ltd,JBLB,10356,15410889.9,2025-08-30 12:59:55.553058,2025-08-30,LiveMarket
271.78,280.0,58,267.0,905,2025-08-28 14:59:52.118052,267.0,272.0,-1.94,272.28,2924,GreenLife Hydropower Limited,GLH,62349,16945031.7,2025-08-30 12:59:55.553058,2025-08-30,LiveMarket
459.32,468.0,58,455.1,90,2025-08-28 14:59:52.110335,455.1,466.0,-2.31,465.88,256,Samriddhi Finance Company Limited,SFCL,15424,7084514.0,2025-08-30 12:59:55.553058,2025-08-30,LiveMarket
2145.77,2210.0,58,2138.5,165,2025-08-28 14:59:51.989179,2137.0,2210.0,-1.45,2170.0,2781,Wean Nepal Laghubitta Bittiya Sanstha Limited,WNLB,1149,2465489.1,2025-08-30 12:59:55.553058,2025-08-30,LiveMarket
405.47,410.8,58,403.1,11,2025-08-28 14:59:51.848742,403.0,407.63,-1.11,407.63,5982,Sanima Reliance Life Insurance Limited,SRLI,27760,11255879.8,2025-08-30 12:59:55.553058,2025-08-30,LiveMarket
536.77,543.9,58,531.0,10,2025-08-28 14:59:51.728849,529.2,540.0,-1.28,537.86,186,IGI Prudential insurance Limited,IGI,14163,7602226.4,2025-08-30 12:59:55.553058,2025-08-30,LiveMarket
812.56,846.0,58,802.0,300,2025-08-28 14:59:51.726142,800.0,813.5,-3.38,830.04,172,Narayani Development Bank Limited,NABBC,20144,16368113.0,2025-08-30 12:59:55.553058,2025-08-30,LiveMarket
846.61,860.0,58,852.0,110,2025-08-28 14:59:51.316645,815.1,815.1,3.26,825.08,9194,Three Star Hydropower Limited,TSHL,12441,10532658.2,2025-08-30 12:59:55.553058,2025-08-30,LiveMarket
830.91,846.0,58,830.0,50,2025-08-28 14:59:51.262528,820.0,828.0,1.64,816.59,2784,Nadep Laghubittiya bittya Sanstha Ltd.,NADEP,11646,9676759.4,2025-08-30 12:59:55.553058,2025-08-30,LiveMarket
304.94,314.5,58,304.5,30,2025-08-28 14:59:51.212967,302.9,309.0,-1.25,308.35,2841,RASUWAGADHI HYDROPOWER COMPANY LIMITED,RHPL,76689,23385838.7,2025-08-30 12:59:55.553058,2025-08-30,LiveMarket
403.08,411.9,58,397.0,1000,2025-08-28 14:59:51.181866,397.0,409.0,-2.98,409.21,401,Mahalaxmi Bikas Bank Ltd.,MLBL,103163,41582872.9,2025-08-30 12:59:55.553058,2025-08-30,LiveMarket
209.0,212.0,58,207.1,127,2025-08-28 14:59:51.148683,207.1,211.0,-2.02,211.37,152,National Hydro Power Company Limited,NHPC,89957,18801328.4,2025-08-30 12:59:55.553058,2025-08-30,LiveMarket
1647.93,1671.0,58,1635.1,46,2025-08-28 14:59:51.073915,1630.0,1650.0,-1.39,1658.23,9230,Muktinath Krishi Company Limited,MKCL,13186,21729599.2,2025-08-30 12:59:55.553058,2025-08-30,LiveMarket
489.66,495.0,58,479.0,28,2025-08-28 14:59:51.053174,478.5,491.0,-2.09,489.23,9199,Reliable Nepal Life Insurance Limited,RNLI,85710,41969158.9,2025-08-30 12:59:55.553058,2025-08-30,LiveMarket
634.21,643.9,58,630.1,255,2025-08-28 14:59:50.679124,630.0,642.0,-1.44,639.3,232,Goodwill Finance Limited,GFCL,8776,5565787.3,2025-08-30 12:59:55.553058,2025-08-30,LiveMarket
2611.07,2675.0,58,2583.0,40,2025-08-28 14:59:50.42215,2580.0,2675.0,-2.17,2640.4,3946,CEDB Holdings Limited,CHDC,27548,71929715.9,2025-08-30 12:59:55.553058,2025-08-30,LiveMarket
1585.81,1600.0,58,1590.0,20,2025-08-28 14:59:50.249605,1570.0,1600.0,-2.21,1625.9,8018,Manushi Laghubitta Bittiya Sanstha Limited,MLBS,410,650182.0,2025-08-30 12:59:55.553058,2025-08-30,LiveMarket
682.11,690.1,58,672.0,130,2025-08-28 14:59:50.132205,669.7,690.0,-2.1,686.42,273,ICFC Finance Limited,ICFC,28273,19285432.5,2025-08-30 12:59:55.553058,2025-08-30,LiveMarket
744.22,757.0,58,736.0,325,2025-08-28 14:59:50.05912,735.0,757.0,-1.13,744.41,192,Shikhar Insurance Co. Ltd.,SICL,9430,7018029.9,2025-08-30 12:59:55.553058,2025-08-30,LiveMarket
532.9,538.9,58,529.0,10,2025-08-28 14:59:50.042106,527.0,532.0,-0.91,533.87,131,Nabil Bank Limited,NABIL,83641,44571924.6,2025-08-30 12:59:55.553058,2025-08-30,LiveMarket
253.5,257.7,58,253.0,500,2025-08-28 14:59:49.500482,252.0,257.7,-0.82,255.1,517,Nepal Bank Limited,NBL,76661,19433399.3,2025-08-30 12:59:55.553058,2025-08-30,LiveMarket
1254.94,1285.0,58,1230.0,10,2025-08-28 14:59:49.245105,1230.0,1281.0,-3.75,1277.93,9252,Crest Micro Life Insurance Limited,CREST,14883,18677240.5,2025-08-30 12:59:55.553058,2025-08-30,LiveMarket
898.02,906.0,58,882.0,10,2025-08-28 14:59:49.22785,882.0,906.0,-3.2,911.17,9148,Super Mai Hydropower Limited,SMH,1246,1118930.0,2025-08-30 12:59:55.553058,2025-08-30,LiveMarket
495.78,510.0,58,492.0,200,2025-08-28 14:59:49.171658,489.0,497.3,-1.74,500.72,338,Progressive Finance Limited,PROFL,10497,5204150.8,2025-08-30 12:59:55.553058,2025-08-30,LiveMarket
378.49,388.0,58,377.7,100,2025-08-28 14:59:49.13985,375.0,379.0,-1.14,382.06,8066,River Falls Power Limited,RFPL,15250,5771934.9,2025-08-30 12:59:55.553058,2025-08-30,LiveMarket
1006.01,1010.0,58,1010.0,254,2025-08-28 14:59:49.060384,1000.0,1000.0,-0.43,1014.37,9261,Nifra Green Energy Debenture 6% - 2088/89,NIFRAGED,439,441640.0,2025-08-30 12:59:55.553058,2025-08-30,LiveMarket
845.82,867.0,58,844.0,34,2025-08-28 14:59:49.047922,818.0,818.0,3.16,818.17,559,NLG Insurance Company Ltd.,NLG,160606,135843124.0,2025-08-30 12:59:55.553058,2025-08-30,LiveMarket
193.93,199.2,58,193.3,25,2025-08-28 14:59:49.037383,193.0,199.2,-1.06,195.37,2792,Upper Tamakoshi Hydropower Ltd,UPPER,113914,22091093.2,2025-08-30 12:59:55.553058,2025-08-30,LiveMarket
479.32,488.9,58,476.0,27,2025-08-28 14:59:48.801197,475.0,483.0,-2.27,487.08,263,Guheshowori Merchant Bank & Finance Co. Ltd.,GMFIL,11732,5623410.3,2025-08-30 12:59:55.553058,2025-08-30,LiveMarket
657.51,669.0,58,649.0,20,2025-08-28 14:59:48.79486,648.1,661.0,-1.75,660.54,8021,Sahas Urja Limited,SAHAS,114053,74990776.1,2025-08-30 12:59:55.553058,2025-08-30,LiveMarket
2118.88,2140.0,58,2111.7,70,2025-08-28 14:59:48.756235,2103.1,2103.1,-0.61,2124.65,2925,Mahila Lagubitta Bittiya Sanstha Limited ,MLBSL,2354,4987837.6,2025-08-30 12:59:55.553058,2025-08-30,LiveMarket
745.76,777.0,58,739.1,10,2025-08-28 14:59:48.64087,735.0,775.0,-3.69,767.44,9192,Upper Syange Hydropower Limited,USHL,7186,5359051.4,2025-08-30 12:59:55.553058,2025-08-30,LiveMarket
460.17,468.1,58,456.2,10,2025-08-28 14:59:48.497227,455.5,455.5,-1.25,461.97,8133,Peoples Hydropower Company Limited,PHCL,6627,3049533.4,2025-08-30 12:59:55.553058,2025-08-30,LiveMarket
927.8,940.0,58,920.0,49,2025-08-28 14:59:48.492657,918.1,935.8,-2.01,938.84,574,Sana Kisan Bikas Laghubitta Bittiya Sanstha Limited,SKBBL,51995,48240753.8,2025-08-30 12:59:55.553058,2025-08-30,LiveMarket
924.8,950.0,58,912.0,1,2025-08-28 14:59:48.259606,912.0,925.1,-3.01,940.3,9258,Pure Energy Limited,PURE,16576,15329476.5,2025-08-30 12:59:55.553058,2025-08-30,LiveMarket
1042.5,1082.0,58,1035.0,15,2025-08-28 14:59:48.214314,1035.0,1082.0,-2.43,1060.8,618,Laxmi Laghubitta Bittiya Sanstha Ltd.,LLBS,920,959099.9,2025-08-30 12:59:55.553058,2025-08-30,LiveMarket
11.58,11.64,58,11.6,10000,2025-08-28 14:59:47.767879,11.33,11.33,0.96,11.49,4947,Prabhu Select Fund,PSF,118440,1371721.4,2025-08-30 12:59:55.553058,2025-08-30,LiveMarket
251.89,254.5,58,251.6,1200,2025-08-28 14:59:47.590679,250.2,253.0,-1.45,255.29,341,Global IME Bank Limited,GBIME,147140,37063219.3,2025-08-30 12:59:55.553058,2025-08-30,LiveMarket
369.7,373.0,58,367.2,100,2025-08-28 14:59:47.505419,365.0,369.9,-1.09,371.23,171,Sanima Bank Limited,SANIMA,124976,46203242.9,2025-08-30 12:59:55.553058,2025-08-30,LiveMarket
381.03,386.0,58,377.0,50,2025-08-28 14:59:47.490774,366.0,366.0,1.79,370.38,8100,Swet-Ganga Hydropower & Construction Limited ,SGHC,28548,10877629.0,2025-08-30 12:59:55.553058,2025-08-30,LiveMarket
296.37,300.0,58,294.0,200,2025-08-28 14:59:47.226485,293.6,299.0,-1.64,298.89,697,Api Power Company Ltd.,API,141601,41966757.2,2025-08-30 12:59:55.553058,2025-08-30,LiveMarket
249.28,255.0,58,245.9,500,2025-08-28 14:59:46.83755,245.1,253.0,-2.27,251.61,610,Ridi Power Company Limited,RIDI,90701,22609660.6,2025-08-30 12:59:55.553058,2025-08-30,LiveMarket
301.17,308.9,58,299.0,210,2025-08-28 14:59:45.774391,298.0,302.1,-2.03,305.18,9179,Modi Energy Limited,MEL,35379,10655224.9,2025-08-30 12:59:55.553058,2025-08-30,LiveMarket
969.52,992.0,58,960.0,20,2025-08-28 14:59:45.198638,955.2,992.0,-1.56,975.25,148,Taragaon Regency Hotel Limited,TRH,7639,7406149.5,2025-08-30 12:59:55.553058,2025-08-30,LiveMarket
525.49,537.2,58,518.5,324,2025-08-28 14:59:45.193929,518.2,530.0,-2.67,532.73,8025,Samling Power Company Limited,SPC,19058,10014833.3,2025-08-30 12:59:55.553058,2025-08-30,LiveMarket
316.53,324.0,58,316.0,78,2025-08-28 14:59:45.160274,315.0,322.0,-2.14,322.92,8031,Madhya Bhotekoshi Jalavidyut Company Limited,MBJC,26964,8534859.5,2025-08-30 12:59:55.553058,2025-08-30,LiveMarket
2113.96,2169.9,58,2090.0,50,2025-08-28 14:59:45.129449,2072.9,2163.0,-3.41,2163.69,9246,Guardian Micro Life Insurance Limited ,GMLI,7271,15370637.6,2025-08-30 12:59:55.553058,2025-08-30,LiveMarket
705.12,715.0,58,701.0,20,2025-08-28 14:59:44.763736,700.0,702.0,-1.82,714.0,704,NMB  Microfinance Bittiya Sanstha Ltd.,NMBMF,4003,2822587.8,2025-08-30 12:59:55.553058,2025-08-30,LiveMarket
707.75,725.0,58,702.3,1,2025-08-28 14:59:44.573233,700.1,711.0,-1.22,711.0,183,Neco Insurance Limited,NIL,8168,5780902.8,2025-08-30 12:59:55.553058,2025-08-30,LiveMarket
1074.44,1098.0,58,1061.0,100,2025-08-28 14:59:44.422968,1060.0,1086.3,-3.36,1097.92,593,Kalika Laghubitta Bittiya Sanstha Ltd,KMCDB,8838,9495856.7,2025-08-30 12:59:55.553058,2025-08-30,LiveMarket
10.15,10.35,58,10.16,2900,2025-08-28 14:59:44.232515,9.97,10.35,0.1,10.15,9191,Citizens Super 30 Mutual Fund,C30MF,677300,6876186.0,2025-08-30 12:59:55.553058,2025-08-30,LiveMarket
281.37,285.0,58,281.0,195,2025-08-28 14:59:44.225777,278.2,278.2,0.91,278.46,8070,Dordi Khola Jal Bidyut Company Limited,DORDI,58545,16472719.6,2025-08-30 12:59:55.553058,2025-08-30,LiveMarket
236.37,238.5,58,234.5,30,2025-08-28 14:59:44.019528,234.5,235.0,-1.47,237.99,141,Laxmi Sunrise Bank Limited,LSL,73425,17355499.8,2025-08-30 12:59:55.553058,2025-08-30,LiveMarket
512.61,525.0,58,510.1,100,2025-08-28 14:59:43.863406,509.9,519.0,-1.48,517.78,154,Chilime Hydropower Company Limited,CHCL,45569,23359321.0,2025-08-30 12:59:55.553058,2025-08-30,LiveMarket
1141.33,1180.0,58,1135.1,81,2025-08-28 14:59:43.128225,1135.0,1160.0,-2.11,1159.61,2758,Forward Microfinance Laghubitta Bittiya Sanstha Limited,FOWAD,2888,3296159.8,2025-08-30 12:59:55.553058,2025-08-30,LiveMarket
1018.97,1035.0,58,1025.0,100,2025-08-28 14:59:43.089047,1010.0,1018.0,-0.87,1033.97,8117,Aviyan Laghubitta Bittiya Sanstha Limited,AVYAN,5906,6018059.4,2025-08-30 12:59:55.553058,2025-08-30,LiveMarket
398.68,406.0,58,391.5,10,2025-08-28 14:59:42.955073,390.1,400.5,-2.13,400.03,2810,UNIVERSAL POWER COMPANY LTD,UPCL,179721,71651217.9,2025-08-30 12:59:55.553058,2025-08-30,LiveMarket
1180.47,1217.0,58,1170.0,100,2025-08-28 14:59:42.829547,1155.6,1155.6,0.36,1165.83,2744,Green Development Bank Ltd.,GRDBL,22806,26921802.3,2025-08-30 12:59:55.553058,2025-08-30,LiveMarket
507.99,523.3,58,504.0,10,2025-08-28 14:59:42.077409,501.8,513.1,-2.07,514.63,2915,Prabhu Mahalaxmi Life Insurance Limited,PMLI,10611,5390265.5,2025-08-30 12:59:55.553058,2025-08-30,LiveMarket
897.63,910.0,58,880.0,312,2025-08-28 14:59:41.790133,880.0,904.4,-3.2,909.1,9233,Nepal Warehousing Company Limited ,NWCL,8371,7514074.0,2025-08-30 12:59:55.553058,2025-08-30,LiveMarket
635.73,644.9,58,630.6,300,2025-08-28 14:59:41.057626,630.1,634.0,-1.1,637.61,2913,Mountain Energy Nepal Limited,MEN,55515,35292360.6,2025-08-30 12:59:55.553058,2025-08-30,LiveMarket
714.73,729.0,58,705.1,60,2025-08-28 14:59:40.677719,705.0,729.0,-1.61,716.64,2769,Nepal Hydro Developers Ltd.,NHDL,11590,8283747.8,2025-08-30 12:59:55.553058,2025-08-30,LiveMarket
204.95,210.0,58,204.0,50,2025-08-28 14:59:39.928368,203.5,210.0,-1.85,207.85,2788,Ankhu Khola Jalvidhyut Company Ltd,AKJCL,80486,16495473.1,2025-08-30 12:59:55.553058,2025-08-30,LiveMarket
689.45,707.0,58,686.7,100,2025-08-28 14:59:39.74598,680.0,700.0,-1.66,698.26,516,Manjushree Finance Ltd.,MFIL,34552,23821736.8,2025-08-30 12:59:55.553058,2025-08-30,LiveMarket
587.9,596.0,58,587.4,200,2025-08-28 14:59:39.423714,585.0,585.0,-0.89,592.66,8131,Eastern Hydropower Limited,EHPL,2305,1355117.0,2025-08-30 12:59:55.553058,2025-08-30,LiveMarket
1092.18,1108.8,58,1085.5,10,2025-08-28 14:59:39.068245,1080.1,1080.1,-0.15,1087.15,9151,Kalinchowk Darshan Limited,KDL,2791,3048285.0,2025-08-30 12:59:55.553058,2025-08-30,LiveMarket
496.2,510.0,58,491.0,190,2025-08-28 14:59:38.878356,491.0,505.0,-2.57,503.93,9193,Ghorahi Cement Industry Limited,GCIL,33672,16707894.3,2025-08-30 12:59:55.553058,2025-08-30,LiveMarket
518.24,525.0,58,512.9,10,2025-08-28 14:59:38.432113,512.0,522.0,-0.86,517.35,9156,Sanima Middle Tamor Hydropower Limited,TAMOR,24173,12527420.9,2025-08-30 12:59:55.553058,2025-08-30,LiveMarket
491.5,510.0,58,486.1,25,2025-08-28 14:59:38.229241,486.0,493.0,-1.54,493.68,9208,Upper Lohore Khola Hydropower Company Limited,ULHC,12282,6036570.9,2025-08-30 12:59:55.553058,2025-08-30,LiveMarket
1298.13,1309.7,58,1290.0,10,2025-08-28 14:59:38.011975,1287.0,1309.7,-1.72,1312.61,2746,National Laghubitta Bittiya Sanstha Limited,NMFBS,10847,14080851.7,2025-08-30 12:59:55.553058,2025-08-30,LiveMarket
799.65,817.0,58,796.5,50,2025-08-28 14:59:38.003473,795.0,796.0,-1.03,804.8,9167,Mai Khola Hydropower Limited,MKHL,2153,1721656.5,2025-08-30 12:59:55.553058,2025-08-30,LiveMarket
10.06,10.13,58,10.13,2000,2025-08-28 14:59:37.974303,9.95,9.95,0.2,10.11,8024,Nabil Balanced Fund-3,NBF3,49874,501728.58,2025-08-30 12:59:55.553058,2025-08-30,LiveMarket
906.32,909.0,58,905.2,93,2025-08-28 14:59:36.964472,905.2,906.0,0.02,905.05,9214,Bhagawati Hydropower Development Company Limited,BGWT,1028,931692.2,2025-08-30 12:59:55.553058,2025-08-30,LiveMarket
439.33,446.0,58,432.9,10,2025-08-28 14:59:36.762836,432.1,441.0,-1.54,439.68,417,Garima Bikas Bank Limited,GBBL,119069,52310941.1,2025-08-30 12:59:55.553058,2025-08-30,LiveMarket
810.84,830.1,58,815.0,10,2025-08-28 14:59:36.292872,803.1,830.1,-1.27,825.45,687,Vijaya laghubitta Bittiya Sanstha Ltd.,VLBS,3270,2651458.8,2025-08-30 12:59:55.553058,2025-08-30,LiveMarket
843.37,879.8,58,830.0,94,2025-08-28 14:59:36.246251,830.0,864.4,-4.1,865.47,8126,Sikles Hydropower Limited,SIKLES,19608,16536886.5,2025-08-30 12:59:55.553058,2025-08-30,LiveMarket
253.61,278.0,58,251.0,500,2025-08-28 14:59:35.809297,249.1,251.6,-0.9,253.27,238,NMB Bank Limited,NMB,81745,20730968.8,2025-08-30 12:59:55.553058,2025-08-30,LiveMarket
850.52,868.8,58,851.9,10,2025-08-28 14:59:35.670447,848.7,868.8,-0.02,852.06,307,Nepal Doorsanchar Company Limited,NTC,38036,32350190.5,2025-08-30 12:59:55.553058,2025-08-30,LiveMarket
440.72,453.0,58,437.5,138,2025-08-28 14:59:35.647204,437.0,437.5,-1.97,446.3,9149,Maya Khola Hydropower Company Limited,MKHC,11138,4908708.7,2025-08-30 12:59:55.553058,2025-08-30,LiveMarket
361.8,370.0,58,358.0,422,2025-08-28 14:59:35.382593,356.8,370.0,-1.67,364.08,686,Barun Hydropower Co. Ltd.,BARUN,55432,20055505.6,2025-08-30 12:59:55.553058,2025-08-30,LiveMarket
423.63,435.0,58,420.2,150,2025-08-28 14:59:34.272627,420.2,420.6,-2.07,429.1,8026,Nyadi Hydropower Limited,NYADI,13388,5671554.4,2025-08-30 12:59:55.553058,2025-08-30,LiveMarket
684.91,704.0,58,676.3,10,2025-08-28 14:59:34.227818,676.0,695.0,-2.76,695.49,396,Nerude Mirmire Laghubitta Bittiya Sanstha Limited,NMLBBL,9875,6763457.7,2025-08-30 12:59:55.553058,2025-08-30,LiveMarket
458.17,468.0,58,453.5,10,2025-08-28 14:59:33.248305,453.0,468.0,-2.36,464.45,9216,Sonapur Minerals And Oil Limited,SONA,48456,22200953.9,2025-08-30 12:59:55.553058,2025-08-30,LiveMarket
868.65,916.0,58,860.0,10,2025-08-28 14:59:32.968982,858.0,916.0,-4.68,902.25,149,Oriental Hotels Limited,OHL,91197,79218566.3,2025-08-30 12:59:55.553058,2025-08-30,LiveMarket
9.22,9.3,58,9.25,100,2025-08-28 14:59:32.919914,9.07,9.07,0.0,9.25,9245,Muktinath Mutual Fund 1,MNMF1,9200,84803.07,2025-08-30 12:59:55.553058,2025-08-30,LiveMarket
455.28,465.0,58,447.5,211,2025-08-28 14:59:32.217311,446.2,465.0,-2.88,460.75,474,Muktinath Bikas Bank Ltd.,MNBBL,199228,90705316.8,2025-08-30 12:59:55.553058,2025-08-30,LiveMarket
441.49,448.0,58,437.5,10,2025-08-28 14:59:32.012239,436.2,440.1,-1.55,444.39,403,SuryaJyoti Life Insurance Company Limited,SJLIC,17849,7880130.9,2025-08-30 12:59:55.553058,2025-08-30,LiveMarket
11.32,11.45,58,11.4,5900,2025-08-28 14:59:31.897286,11.25,11.25,1.42,11.24,8125,NMB Sulav Investment Fund - 2,NSIF2,76660,867527.6,2025-08-30 12:59:55.553058,2025-08-30,LiveMarket
967.0,991.0,58,969.0,10,2025-08-28 14:59:30.3926,953.0,953.0,-0.3,971.88,9147,Shuvam Power Limited,SPL,2357,2279217.0,2025-08-30 12:59:55.553058,2025-08-30,LiveMarket
190.73,195.0,58,190.0,150,2025-08-28 14:59:30.25551,189.0,193.0,-0.9,191.73,2907,Shiva Shree Hydropower Ltd,SSHL,58116,11084444.0,2025-08-30 12:59:55.553058,2025-08-30,LiveMarket
688.53,701.0,58,680.5,15,2025-08-28 14:59:29.928708,680.0,700.0,-2.07,694.91,194,Nepal Finance Ltd.,NFS,23492,16174848.3,2025-08-30 12:59:55.553058,2025-08-30,LiveMarket
473.13,485.0,58,467.0,13,2025-08-28 14:59:28.505002,467.0,480.0,-2.09,476.99,250,Janaki Finance Company Limited,JFL,10725,5074284.0,2025-08-30 12:59:55.553058,2025-08-30,LiveMarket
11.29,11.65,58,11.3,20000,2025-08-28 14:59:27.509832,11.21,11.47,0.44,11.25,9174,Prabhu Smart Fund,PRSF,813300,9180042.47,2025-08-30 12:59:55.553058,2025-08-30,LiveMarket
630.14,634.7,58,630.9,400,2025-08-28 14:59:26.851215,623.0,623.0,-0.06,631.31,133,Standard Chartered Bank Limited,SCB,13295,8377707.3,2025-08-30 12:59:55.553058,2025-08-30,LiveMarket
568.21,592.5,58,566.0,20,2025-08-28 14:59:26.49805,561.0,572.2,-2.92,583.02,8121,Sayapatri Hydropower Limited,SPHL,13321,7569063.5,2025-08-30 12:59:55.553058,2025-08-30,LiveMarket
825.54,835.0,58,828.0,20,2025-08-28 14:59:25.18868,815.0,820.21,0.95,820.21,182,Siddhartha Premier Insurance Limited,SPIL,30244,24967541.4,2025-08-30 12:59:55.553058,2025-08-30,LiveMarket
852.08,861.0,58,850.3,10,2025-08-28 14:59:24.715895,850.0,861.0,-1.27,861.25,9212,Mandu Hydropower Limited,MANDU,5276,4495600.2,2025-08-30 12:59:55.553058,2025-08-30,LiveMarket
1565.11,1599.0,58,1550.2,49,2025-08-28 14:59:24.713234,1550.1,1560.0,-2.61,1591.75,8041,NESDO Sambridha Laghubitta Bittiya Sanstha Limited,NESDO,1648,2579300.0,2025-08-30 12:59:55.553058,2025-08-30,LiveMarket
632.91,645.0,58,625.3,50,2025-08-28 14:59:23.448655,625.0,640.0,-2.38,640.57,371,Miteri Development Bank Limited,MDB,31236,19769569.8,2025-08-30 12:59:55.553058,2025-08-30,LiveMarket
328.83,332.0,58,326.0,150,2025-08-28 14:59:22.450243,326.0,327.1,-1.6,331.31,397,Agricultural Development Bank Limited,ADBL,66102,21736108.5,2025-08-30 12:59:55.553058,2025-08-30,LiveMarket
9.16,9.32,58,9.07,5200,2025-08-28 14:59:21.43127,9.07,9.13,-0.77,9.14,9198,Laxmi Value Fund 2,LVF2,68280,625284.8,2025-08-30 12:59:55.553058,2025-08-30,LiveMarket
478.79,491.8,58,472.0,425,2025-08-28 14:59:21.079304,472.0,491.8,-2.72,485.2,587,Reliance Finance Ltd.,RLFL,20367,9751488.4,2025-08-30 12:59:55.553058,2025-08-30,LiveMarket
257.06,261.5,58,255.0,500,2025-08-28 14:59:20.101759,255.0,258.0,-2.13,260.54,357,Prime Commercial Bank Ltd.,PCBL,59344,15255041.0,2025-08-30 12:59:55.553058,2025-08-30,LiveMarket
759.49,773.5,58,754.9,22,2025-08-28 14:59:18.610074,750.0,773.5,-1.19,764.0,561,Sindhu Bikash Bank Ltd,SINDU,12801,9722191.4,2025-08-30 12:59:55.553058,2025-08-30,LiveMarket
358.26,367.1,58,353.0,20,2025-08-28 14:59:18.297085,353.0,365.0,-1.94,359.98,8022,Terhathum Power Company Limited,TPC,16601,5947446.4,2025-08-30 12:59:55.553058,2025-08-30,LiveMarket
2286.5,2321.0,58,2282.0,10,2025-08-28 14:59:18.062579,2273.0,2310.0,-0.78,2300.03,2771,Support Microfinance Bittiya Sanstha Ltd.,SMB,928,2121874.1,2025-08-30 12:59:55.553058,2025-08-30,LiveMarket
976.2,990.0,58,966.0,1,2025-08-28 14:59:18.016468,965.0,976.0,-1.83,983.99,545,Swarojgar Laghubitta Bittiya Sanstha Ltd.,SLBBL,11088,10824121.4,2025-08-30 12:59:55.553058,2025-08-30,LiveMarket
2189.86,2221.56,58,2182.0,50,2025-08-28 14:59:17.915418,2178.0,2221.56,-1.78,2221.56,2826,Gurans Laghubitta Bittiya Sanstha Limited,GLBSL,2260,4949088.5,2025-08-30 12:59:55.553058,2025-08-30,LiveMarket
1760.83,1795.0,58,1750.0,3,2025-08-28 14:59:17.885877,1750.0,1790.0,-1.75,1781.11,2829,Swabhimaan Laghubitta Bittiya Sanstha Limited,SMFBS,1753,3086741.0,2025-08-30 12:59:55.553058,2025-08-30,LiveMarket
577.02,589.0,58,572.0,110,2025-08-28 14:59:16.258625,572.0,580.0,-1.87,582.91,9159,Sagarmatha Jalabidhyut Company Limited,SMJC,14907,8601656.2,2025-08-30 12:59:55.553058,2025-08-30,LiveMarket
613.63,620.2,58,612.0,100,2025-08-28 14:59:14.138743,606.0,620.1,-0.92,617.7,176,Nepal Insurance Co. Ltd.,NICL,12171,7468494.2,2025-08-30 12:59:55.553058,2025-08-30,LiveMarket
905.38,915.0,58,900.5,10,2025-08-28 14:59:13.409356,900.5,905.0,-1.66,915.71,9215,Mid Solu Hydropower Limited,MSHL,568,514258.0,2025-08-30 12:59:55.553058,2025-08-30,LiveMarket
720.73,730.0,58,715.0,10,2025-08-28 14:59:13.180102,711.2,716.2,-2.15,730.68,9171,Bhugol Energy Development Company Limited,BEDC,10001,7208059.0,2025-08-30 12:59:55.553058,2025-08-30,LiveMarket
575.15,590.0,58,576.9,30,2025-08-28 14:59:12.729776,570.0,589.0,-0.27,578.48,9170,Dolti Power Company Limited,DOLTI,6809,3916200.5,2025-08-30 12:59:55.553058,2025-08-30,LiveMarket
1264.05,1318.0,58,1249.0,30,2025-08-28 14:59:12.480226,1245.9,1280.0,-3.77,1297.9,695,Janautthan Samudayic Laghubitta Bittya Sanstha Limited,JSLBB,3305,4177684.0,2025-08-30 12:59:55.553058,2025-08-30,LiveMarket
1310.62,1325.0,58,1297.0,56,2025-08-28 14:59:11.452386,1297.0,1320.1,-2.26,1327.0,705,Global IME Laghubitta Bittiya Sanstha Ltd.,GILB,7669,10051167.2,2025-08-30 12:59:55.553058,2025-08-30,LiveMarket
526.14,538.9,58,525.0,40,2025-08-28 14:59:09.760502,522.0,538.9,-1.28,531.83,180,United Ajod Insurance Limited,UAIL,52391,27564782.6,2025-08-30 12:59:55.553058,2025-08-30,LiveMarket
780.51,789.0,58,777.0,20,2025-08-28 14:59:09.092807,776.0,783.0,-1.77,791.02,583,Grameen Bikas Laghubitta Bittiya Sanstha Ltd.,GBLBS,8015,6255797.6,2025-08-30 12:59:55.553058,2025-08-30,LiveMarket
257.8,261.9,58,256.1,10,2025-08-28 14:59:08.2459,254.1,254.1,-0.71,257.94,2751,Khanikhola Hydropower Co. Ltd.,KKHC,10582,2728031.4,2025-08-30 12:59:55.553058,2025-08-30,LiveMarket
8.98,9.0,58,8.85,200,2025-08-28 14:59:07.684073,8.82,8.83,1.72,8.7,9236,NIC ASIA Growth Fund-2,NICGF2,26123,234606.0,2025-08-30 12:59:55.553058,2025-08-30,LiveMarket
5423.74,5520.0,58,5420.0,10,2025-08-28 14:59:07.397637,5360.0,5473.9,-0.8,5463.75,156,Bishal Bazar Company Limited,BBC,450,2440681.4,2025-08-30 12:59:55.553058,2025-08-30,LiveMarket
697.36,709.0,58,688.1,10,2025-08-28 14:59:05.293286,688.0,700.1,-2.9,708.62,2748,RSDC Laghubitta Bittiya Sanstha Ltd.,RSDC,24325,16963304.6,2025-08-30 12:59:55.553058,2025-08-30,LiveMarket
2228.36,2273.0,58,2248.9,20,2025-08-28 14:59:04.189595,2180.0,2200.0,0.42,2239.43,2774,Unnati Sahakarya Laghubitta Bittiya Sanstha Limited,USLB,17999,40108165.4,2025-08-30 12:59:55.553058,2025-08-30,LiveMarket
391.44,395.0,58,390.0,100,2025-08-28 14:59:03.82526,387.5,387.5,-1.04,394.1,135,Nepal SBI Bank Limited,SBI,22671,8874313.7,2025-08-30 12:59:55.553058,2025-08-30,LiveMarket
602.47,614.0,58,596.0,178,2025-08-28 14:59:02.625754,596.0,596.1,-1.67,606.15,8099,Upper Hewakhola Hydropower Company Limited,UHEWA,15947,9607593.5,2025-08-30 12:59:55.553058,2025-08-30,LiveMarket
3558.61,3608.0,58,3608.0,10,2025-08-28 14:58:56.761721,3500.0,3552.0,-0.41,3622.98,8063,Upakar Laghubitta Bittiya Sanstha Limited,ULBSL,704,2505262.6,2025-08-30 12:59:55.553058,2025-08-30,LiveMarket
775.33,794.8,58,771.0,15,2025-08-28 14:58:51.521324,771.0,784.0,-1.66,784.0,9135,Barahi Hydropower Public Limited,BHPL,3418,2650082.9,2025-08-30 12:59:55.553058,2025-08-30,LiveMarket
9.03,9.4,58,9.03,100,2025-08-28 14:58:48.879097,8.9,8.9,-0.33,9.06,8074,Kumari Dhanabriddhi Yojana,KDBY,24475,221089.25,2025-08-30 12:59:55.553058,2025-08-30,LiveMarket
596.28,618.9,58,590.0,110,2025-08-28 14:58:44.770783,590.0,618.9,-2.77,606.83,9166,Makar Jitumaya Suri Hydropower Limited,MAKAR,2990,1782868.0,2025-08-30 12:59:55.553058,2025-08-30,LiveMarket
315.26,320.0,58,314.0,50,2025-08-28 14:58:41.079013,314.0,314.0,-1.52,318.84,2754,Dibyashwori Hydropower Ltd.,DHPL,10752,3389682.0,2025-08-30 12:59:55.553058,2025-08-30,LiveMarket
250.3,252.0,58,250.4,134,2025-08-28 14:58:39.264363,248.2,250.3,-0.71,252.18,140,Machhapuchhre Bank Limited,MBL,49903,12490787.4,2025-08-30 12:59:55.553058,2025-08-30,LiveMarket
534.05,548.9,58,530.5,10,2025-08-28 14:58:36.397497,530.5,548.9,-1.45,538.33,204,Gurkhas Finance Ltd.,GUFL,8114,4333257.8,2025-08-30 12:59:55.553058,2025-08-30,LiveMarket
10.26,10.37,58,10.26,200,2025-08-28 14:58:30.526395,10.09,10.09,0.39,10.22,2835,NABIL BALANCED FUND-2,NBF2,24092,247118.94,2025-08-30 12:59:55.553058,2025-08-30,LiveMarket
616.01,625.8,58,615.0,20,2025-08-28 14:58:28.354251,612.1,620.0,-0.96,620.95,2887,NIC ASIA Laghubitta Bittiya Sanstha Limited,NICLBSL,6918,4261585.6,2025-08-30 12:59:55.553058,2025-08-30,LiveMarket
594.37,604.0,58,593.0,80,2025-08-28 14:58:14.413964,590.5,602.0,-1.56,602.37,9225,Vision Lumbini Urja Company Limited ,VLUCL,8243,4899375.1,2025-08-30 12:59:55.553058,2025-08-30,LiveMarket
9.19,9.39,58,9.1,1000,2025-08-28 14:58:13.077036,9.1,9.39,-1.19,9.21,2770,Siddhartha Equity Fund,SEF,51265,471073.02,2025-08-30 12:59:55.553058,2025-08-30,LiveMarket
2842.72,2971.1,58,2874.0,10,2025-08-28 14:58:12.062306,2799.9,2971.1,-1.34,2912.94,4965,Samaj Laghubittya Bittiya Sanstha Limited,SAMAJ,2755,7831689.0,2025-08-30 12:59:55.553058,2025-08-30,LiveMarket
511.37,519.0,58,505.0,152,2025-08-28 14:58:11.198764,505.0,518.0,-2.63,518.65,245,Central Finance Co. Ltd.,CFCL,16623,8500454.5,2025-08-30 12:59:55.553058,2025-08-30,LiveMarket
595.39,605.5,58,588.0,74,2025-08-28 14:58:07.050483,582.1,590.0,-0.19,589.13,179,Himalayan Everest Insurance Limited,HEI,48717,29005450.9,2025-08-30 12:59:55.553058,2025-08-30,LiveMarket
1010.0,1010.0,58,1010.0,25,2025-08-28 14:58:04.783232,1010.0,1010.0,0.55,1004.5,9152,"Everest Bank Limited Energy Bond, 2089",EBLEB89,25,25250.0,2025-08-30 12:59:55.553058,2025-08-30,LiveMarket
995.66,1000.0,58,994.1,50,2025-08-28 14:58:02.101766,990.1,990.1,-0.59,1000.0,9264,7% RBBL Debenture 2088,RBBD2088,125,124457.5,2025-08-30 12:59:55.553058,2025-08-30,LiveMarket
564.2,572.0,58,563.1,50,2025-08-28 14:57:43.420495,558.2,562.0,-0.78,567.52,9176,Ingwa Hydropower Limited,IHL,2619,1477646.5,2025-08-30 12:59:55.553058,2025-08-30,LiveMarket
8.93,8.94,58,8.91,716,2025-08-28 14:57:36.387969,8.91,8.92,-1.98,9.09,2863,NIC Asia Balanced Fund,NICBF,6126,54683.96,2025-08-30 12:59:55.553058,2025-08-30,LiveMarket
9.09,9.15,58,9.15,200,2025-08-28 14:57:32.106785,8.85,9.02,1.44,9.02,9254,NMB Hybrid Fund L- II,NMBHF2,15200,138142.0,2025-08-30 12:59:55.553058,2025-08-30,LiveMarket
9.3,9.4,58,9.28,100,2025-08-28 14:57:14.060943,9.25,9.4,-0.11,9.29,9248,Garima Samriddhi Yojana,GSY,18050,167797.5,2025-08-30 12:59:55.553058,2025-08-30,LiveMarket
874.43,890.0,58,866.5,210,2025-08-28 14:57:11.851731,865.0,890.0,-1.82,882.53,268,Swabalamban Laghubitta Bittiya Sanstha Limited,SWBBL,13476,11783880.5,2025-08-30 12:59:55.553058,2025-08-30,LiveMarket
602.11,619.0,58,602.0,800,2025-08-28 14:56:48.713562,599.5,619.0,-2.22,615.65,178,National Life Insurance Co. Ltd.,NLICL,31930,19225294.9,2025-08-30 12:59:55.553058,2025-08-30,LiveMarket
10.16,10.3,58,10.14,2110,2025-08-28 14:56:16.504031,10.1,10.1,-1.55,10.3,2862,CITIZENS MUTUAL FUND 2,CMF2,17595,178790.9,2025-08-30 12:59:55.553058,2025-08-30,LiveMarket
1897.29,1937.0,58,1898.0,10,2025-08-28 14:55:48.960734,1885.6,1918.0,-1.05,1918.06,8132,Shrijanshil Laghubitta Bittiya Sanstha Limited,SHLB,1056,2003542.9,2025-08-30 12:59:55.553058,2025-08-30,LiveMarket
1626.65,1648.0,58,1618.8,990,2025-08-28 14:55:44.888389,1572.0,1640.0,-1.29,1639.93,2815,Ganapati Laghubitta Bittiya Sanstha Limited,GMFBS,2974,4837666.0,2025-08-30 12:59:55.553058,2025-08-30,LiveMarket
1561.2,1590.0,58,1545.0,10,2025-08-28 14:55:34.552596,1541.0,1590.0,-2.76,1588.93,601,Mithila LaghuBitta Bittiya Sanstha Limited,MLBBL,3005,4691398.4,2025-08-30 12:59:55.553058,2025-08-30,LiveMarket
2125.15,2204.0,58,2088.1,21,2025-08-28 14:55:31.704465,2088.1,2204.0,-3.36,2160.79,9140,Unique Nepal Laghubitta Bittiya Sanstha Limited,UNLB,977,2076270.4,2025-08-30 12:59:55.553058,2025-08-30,LiveMarket
11944.48,12099.0,58,11950.0,10,2025-08-28 14:54:55.480048,11880.0,12000.0,-0.34,11990.86,213,Bottlers Nepal (Terai) Limited,BNT,130,1552782.5,2025-08-30 12:59:55.553058,2025-08-30,LiveMarket
9.31,9.35,58,9.32,500,2025-08-28 14:54:53.344507,9.18,9.18,-0.32,9.35,8023,Mega Mutual Fund -1,MMF1,32270,300526.45,2025-08-30 12:59:55.553058,2025-08-30,LiveMarket
208.86,211.0,58,209.8,1740,2025-08-28 14:53:38.385643,207.4,210.0,-0.61,211.08,348,Citizens Bank International Limited,CZBIL,53507,11175393.3,2025-08-30 12:59:55.553058,2025-08-30,LiveMarket
8.95,9.01,58,8.9,100,2025-08-28 14:53:11.713397,8.9,8.9,0.0,8.9,8073,NIC Asia Flexi CAP Fund,NICFC,2700,24170.0,2025-08-30 12:59:55.553058,2025-08-30,LiveMarket
9.35,9.4,58,9.26,3173,2025-08-28 14:53:08.787555,9.26,9.27,-1.38,9.39,2902,Laxmi Unnati Kosh,LUK,24723,231212.98,2025-08-30 12:59:55.553058,2025-08-30,LiveMarket
567.42,580.0,58,570.0,10,2025-08-28 14:52:36.798344,561.0,580.0,-1.3,577.52,9217,Mathillo Mailun Khola Jalvidhyut Limited,MMKJL,3292,1867962.0,2025-08-30 12:59:55.553058,2025-08-30,LiveMarket
9.24,9.29,58,9.29,100,2025-08-28 14:51:52.923347,9.11,9.11,0.11,9.28,2923,Sanima Large Cap Fund,SLCF,32250,298126.5,2025-08-30 12:59:55.553058,2025-08-30,LiveMarket
8.76,8.83,58,8.73,200,2025-08-28 14:51:29.225595,8.65,8.65,0.81,8.66,4949,NIBL Samriddhi Fund -2,NIBSF2,3800,33280.0,2025-08-30 12:59:55.553058,2025-08-30,LiveMarket
9.23,9.3,58,9.17,1000,2025-08-28 14:51:21.062467,9.08,9.08,-0.86,9.25,9257,MBL Equity Fund,MBLEF,9850,90935.5,2025-08-30 12:59:55.553058,2025-08-30,LiveMarket
15713.41,15800.0,58,15645.0,10,2025-08-28 14:51:18.194039,15645.0,15800.0,-0.86,15781.45,177,Rastriya Beema Company Limited,RBCL,335,5263994.0,2025-08-30 12:59:55.553058,2025-08-30,LiveMarket
9.9,10.0,58,9.89,100,2025-08-28 14:51:00.227958,9.66,9.87,2.17,9.68,2859,Siddhartha Investment Growth Scheme - 2,SIGS2,343200,3398159.5,2025-08-30 12:59:55.553058,2025-08-30,LiveMarket
1099.72,1101.0,58,1101.0,185,2025-08-28 14:50:56.173739,1095.0,1095.0,0.09,1100.0,8116,10.15% Prime Debenture 2084,PBD84,235,258435.0,2025-08-30 12:59:55.553058,2025-08-30,LiveMarket
1089.14,1105.0,58,1086.0,14,2025-08-28 14:48:03.584299,1085.0,1098.0,-1.36,1100.96,694,Matribhumi Lagubitta Bittiya Sanstha Limited,MATRI,1987,2164129.0,2025-08-30 12:59:55.553058,2025-08-30,LiveMarket
9.14,9.29,58,9.15,500,2025-08-28 14:47:50.592868,9.1,9.12,-1.29,9.27,2937,Sunrise Bluechip Fund,SBCF,134420,1228604.8,2025-08-30 12:59:55.553058,2025-08-30,LiveMarket
9.41,9.45,58,9.38,100,2025-08-28 14:47:47.529371,9.27,9.27,-0.42,9.42,9139,Sanima Growth Fund,SAGF,40304,379087.34,2025-08-30 12:59:55.553058,2025-08-30,LiveMarket
9.12,9.18,58,9.15,4000,2025-08-28 14:45:45.104333,8.92,9.18,1.67,9.0,4968,RBB Mutual Fund 1,RMF1,43190,393797.0,2025-08-30 12:59:55.553058,2025-08-30,LiveMarket
5726.19,5890.0,58,5890.0,10,2025-08-28 14:45:31.712587,5666.2,5666.2,1.95,5777.51,9161,Aatmanirbhar Laghubitta Bittiya Sanstha Limited,ANLB,819,4689747.7,2025-08-30 12:59:55.553058,2025-08-30,LiveMarket
8.91,9.0,58,8.91,500,2025-08-28 14:44:28.858002,8.87,9.0,-1.33,9.03,4967,NIC Asia Select Fund 30,NICSF,1100,9801.0,2025-08-30 12:59:55.553058,2025-08-30,LiveMarket
1165.0,1165.0,58,1165.0,25,2025-08-28 14:44:06.433901,1165.0,1165.0,0.0,1165.0,8119,10.50% Everest Bank Limited Debenture 2085,EBLD85,25,29125.0,2025-08-30 12:59:55.553058,2025-08-30,LiveMarket
8.98,9.05,58,9.05,100,2025-08-28 14:42:51.1479,8.71,8.8,1.12,8.95,2933,Kumari Equity Fund,KEF,3510,31516.0,2025-08-30 12:59:55.553058,2025-08-30,LiveMarket
9.09,9.22,58,9.22,100,2025-08-28 14:40:42.296282,9.03,9.03,0.77,9.15,9154,Sunrise Focused Equity Fund,SFEF,1200,10911.0,2025-08-30 12:59:55.553058,2025-08-30,LiveMarket
1086.75,1095.0,58,1076.0,25,2025-08-28 14:39:37.145103,1076.0,1095.0,-1.96,1097.5,8110,10.25% Nepal SBI Bank Debenture 2083,SBID83,100,108675.0,2025-08-30 12:59:55.553058,2025-08-30,LiveMarket
8.65,8.75,58,8.75,100,2025-08-28 14:37:48.057706,8.58,8.58,0.0,8.75,9244,NIBL Stable Fund,NIBLSTF,1000,8648.0,2025-08-30 12:59:55.553058,2025-08-30,LiveMarket
12842.81,12900.0,58,12900.0,10,2025-08-28 14:36:09.256809,12800.0,12899.0,-0.04,12905.0,634,Rastriya Beema Company Limited Promoter Share,RBCLPO,210,2696990.0,2025-08-30 12:59:55.553058,2025-08-30,LiveMarket
372.71,378.0,58,378.0,10,2025-08-28 14:33:39.697373,372.6,373.0,-0.58,380.2,700,Himalayan Everest Insurance Limited Promoter,HEIP,1210,450980.0,2025-08-30 12:59:55.553058,2025-08-30,LiveMarket
1906.55,1929.0,58,1900.0,10,2025-08-28 14:32:36.924547,1900.0,1925.0,-0.78,1914.98,9196,Kutheli Bukhari Small Hydropower Limited,KBSH,172,327926.0,2025-08-30 12:59:55.553058,2025-08-30,LiveMarket
11.03,11.12,58,11.1,500,2025-08-28 14:30:54.152253,10.91,10.98,-0.89,11.2,8106,Global IME Balanced Fund-1,GIBF1,4100,45204.0,2025-08-30 12:59:55.553058,2025-08-30,LiveMarket
1060.0,1060.0,58,1060.0,25,2025-08-28 14:30:28.712566,1060.0,1060.0,-0.93,1070.0,2922,8.5% Sanima Debenture 2087,SBD87,25,26500.0,2025-08-30 12:59:55.553058,2025-08-30,LiveMarket
11.51,11.68,58,11.63,100,2025-08-28 14:29:15.644942,11.32,11.5,1.48,11.46,9221,Himalayan 80-20,H8020,3198,36810.64,2025-08-30 12:59:55.553058,2025-08-30,LiveMarket
163.15,167.9,58,163.2,585,2025-08-28 14:27:35.199258,162.8,167.9,-0.86,164.61,469,Nepal Investment Mega Bank Ltd. Promoter Share,NIMBPO,5440,887529.2,2025-08-30 12:59:55.553058,2025-08-30,LiveMarket
1200.0,1200.0,58,1200.0,10,2025-08-28 14:26:02.74517,1200.0,1200.0,-1.64,1220.0,8127,11% KBL Debenture 2089,KBLD89,60,72000.0,2025-08-30 12:59:55.553058,2025-08-30,LiveMarket
1089.27,1090.0,58,1090.0,1500,2025-08-28 14:24:50.902905,1080.0,1080.0,0.99,1079.33,6984,8.75 % Prime Debenture 2085,PBD85,1640,1786400.0,2025-08-30 12:59:55.553058,2025-08-30,LiveMarket
1070.2,1070.0,58,1070.0,1,2025-08-28 14:15:24.617255,1070.0,1070.0,0.0,1070.0,9249,9% ICFC Finance Limited Debenture 2088,ICFCD88,101,108090.0,2025-08-30 12:59:55.553058,2025-08-30,LiveMarket
9.36,9.39,58,9.39,590,2025-08-28 14:13:08.939734,9.3,9.3,0.0,9.39,9241,Kumari Sabal Yojana,KSY,1690,15815.1,2025-08-30 12:59:55.553058,2025-08-30,LiveMarket
9.01,9.2,58,9.2,100,2025-08-28 14:09:54.043155,8.9,9.02,0.0,9.2,9259,Reliable Samriddhi Yojana,RSY,2800,25232.5,2025-08-30 12:59:55.553058,2025-08-30,LiveMarket
1111.8,1112.0,58,1112.0,5,2025-08-28 14:04:37.990276,1112.0,1112.0,-0.27,1115.0,8097,10% Prime Debenture 2088,PBD88,25,27795.0,2025-08-30 12:59:55.553058,2025-08-30,LiveMarket
9.31,9.4,58,9.3,100,2025-08-28 14:02:52.974125,9.3,9.3,0.54,9.25,9138,NIBL Growth Fund,NIBLGF,1800,16750.0,2025-08-30 12:59:55.553058,2025-08-30,LiveMarket
16083.0,16084.0,58,16082.0,10,2025-08-28 13:58:55.579711,16082.0,16084.0,-2.0,16410.0,195,Bottlers Nepal (Balaju) Limited,BNL,32,514656.0,2025-08-30 12:59:55.553058,2025-08-30,LiveMarket
47980.8,47980.8,58,47980.8,10,2025-08-28 13:58:08.394686,47980.8,47980.8,-2.0,48960.0,219,Unilever Nepal Limited,UNL,10,479808.0,2025-08-30 12:59:55.553058,2025-08-30,LiveMarket
1126.0,1126.0,58,1126.0,25,2025-08-28 13:51:59.659244,1126.0,1126.0,-0.79,1135.0,8068,Century Debenture 2088,CCBD88,25,28150.0,2025-08-30 12:59:55.553058,2025-08-30,LiveMarket
9.28,9.35,58,9.25,100,2025-08-28 13:50:46.794086,9.25,9.25,0.0,9.25,9182,Siddhartha Investment Growth Scheme 3,SIGS3,43350,402393.0,2025-08-30 12:59:55.553058,2025-08-30,LiveMarket
9.58,9.69,58,9.69,300,2025-08-28 13:48:21.69789,9.5,9.52,3.09,9.4,2877,Sunrise First Mutual Fund,SFMF,3300,31612.0,2025-08-30 12:59:55.553058,2025-08-30,LiveMarket
1075.7,1080.0,58,1075.0,50,2025-08-28 13:45:32.162063,1055.0,1075.0,1.9,1055.0,8027,Nabil Debenture 2085,NBLD85,892,959522.0,2025-08-30 12:59:55.553058,2025-08-30,LiveMarket
1115.1,1115.2,58,1115.2,25,2025-08-28 13:44:50.991891,1115.0,1115.0,0.02,1115.0,8043,Civil Bank Debenture 2088,CBLD88,50,55755.0,2025-08-30 12:59:55.553058,2025-08-30,LiveMarket
1058.75,1060.1,58,1060.1,65,2025-08-28 13:43:01.577306,1057.0,1057.0,-1.31,1074.2,2878,10.25% Sunrise Bank Debenture 2083,SRBLD83,115,121756.5,2025-08-30 12:59:55.553058,2025-08-30,LiveMarket
1050.5,1051.0,58,1050.0,15,2025-08-28 13:42:45.993974,1050.0,1050.0,0.0,1050.0,8033,"Garima Debenture, 2085",GBBD85,125,131312.5,2025-08-30 12:59:55.553058,2025-08-30,LiveMarket
1036.83,1037.0,58,1036.5,10,2025-08-28 13:40:38.935582,1036.5,1037.0,-1.29,1050.0,8044,Everest Bank Limited,EBLD86,30,31105.0,2025-08-30 12:59:55.553058,2025-08-30,LiveMarket
1057.0,1057.0,58,1057.0,50,2025-08-28 13:40:21.909892,1057.0,1057.0,0.48,1052.0,2864,10.25% SBL Debenture 2083,SBLD83,50,52850.0,2025-08-30 12:59:55.553058,2025-08-30,LiveMarket
1038.1,1038.1,58,1038.1,25,2025-08-28 13:10:39.446994,1038.1,1038.1,0.22,1035.8,4959,8.5% Nepal Bank Debenture 2087,NBLD87,50,51905.0,2025-08-30 12:59:55.553058,2025-08-30,LiveMarket
1060.0,1060.0,58,1060.0,50,2025-08-28 13:09:59.67504,1060.0,1060.0,-0.47,1065.0,2869,11% NIC Asia Debenture 082/83,NICAD8283,50,53000.0,2025-08-30 12:59:55.553058,2025-08-30,LiveMarket
1160.0,1160.0,58,1160.0,25,2025-08-28 12:59:24.977064,1160.0,1160.0,-0.43,1165.0,9243,10% NIMB Debenture 2090,NIMBD90,25,29000.0,2025-08-30 12:59:55.553058,2025-08-30,LiveMarket
1005.83,1007.3,58,1007.2,25,2025-08-28 12:57:40.035585,1003.0,1003.0,-0.28,1010.0,9255,Everest Bank Limited Debenture 2091,EBLD91,75,75437.5,2025-08-30 12:59:55.553058,2025-08-30,LiveMarket
104.0,104.0,58,104.0,201035,2025-08-28 12:46:37.761107,104.0,104.0,0.0,104.0,544,Prime Commercial Bank Promoter Share,PCBLP,201035,20907640.0,2025-08-30 12:59:55.553058,2025-08-30,LiveMarket
1100.0,1100.0,58,1100.0,50,2025-08-28 12:44:17.306445,1100.0,1100.0,0.0,1100.0,2904,10% Prabhu Bank Debenture 2084 ,PBLD84,50,55000.0,2025-08-30 12:59:55.553058,2025-08-30,LiveMarket
1030.0,1030.0,58,1030.0,25,2025-08-28 12:33:22.902444,1030.0,1030.0,0.98,1020.0,9141,NIFRA Uraj Rinpatra7%-2085/86,NIFRAUR85/86,25,25750.0,2025-08-30 12:59:55.553058,2025-08-30,LiveMarket
1117.07,1117.2,58,1117.0,64,2025-08-28 12:13:30.522539,1117.0,1117.2,-0.45,1122.0,2889,10.25% Citizens Bank Debenture 2086,CIZBD86,114,127345.5,2025-08-30 12:59:55.553058,2025-08-30,LiveMarket
1095.0,1095.0,58,1095.0,16,2025-08-28 11:58:53.812,1095.0,1095.0,-1.97,1117.0,8004,Global IME Bank Limited Debenture 2086/87,GBILD86/87,16,17520.0,2025-08-30 12:59:55.553058,2025-08-30,LiveMarket
1088.0,1088.0,58,1088.0,50,2025-08-28 11:32:02.556032,1088.0,1088.0,-1.98,1109.99,4969,Muktinath Debenture 2084/85,MND84/85,50,54400.0,2025-08-30 12:59:55.553058,2025-08-30,LiveMarket
10.0,10.0,58,10.0,100,2025-08-28 10:45:00.004638,10.0,10.0,0.0,0.0,9269,Global IME Sammunat Yojana -2,GBIMESY2,100,1000.0,2025-08-30 12:59:55.553058,2025-08-30,LiveMarket
